FantasyPoints,Player,Position,Points,Rebounds,Assists,Blocks, Turnovers
45,Julius Randle\randlju01,PF,24.1,10,6.0,0.3,3.4
55,James Harden\hardeja01,PG-SG,24.6,8,10.8,0.8,4.0
56,James Harden\hardeja01,PG,24.6,8,10.9,0.8,4.0
39,Fred VanVleet\vanvlfr01,SG,19.6,4,6.3,0.7,1.8
52,Russell Westbrook\westbru01,PG,22.2,12,11.7,0.4,4.8
50,James Harden\hardeja01,SG,24.8,5,10.4,0.8,4.3
30,Harrison Barnes\barneha02,PF,16.1,7,3.5,0.2,1.6
46,Domantas Sabonis\sabondo01,PF,20.3,12,6.7,0.5,3.4
42,Jayson Tatum\tatumja01,SF,26.4,7,4.3,0.5,2.7
36,Pascal Siakam\siakapa01,PF,21.4,7,4.5,0.7,2.3
47,Damian Lillard\lillada01,PG,28.8,4,7.5,0.3,3.0
44,Bradley Beal\bealbr01,SG,31.3,5,4.4,0.4,3.1
36,Jamal Murray\murraja01,PG,21.2,4,4.8,0.3,2.3
33,Collin Sexton\sextoco01,SG,24.3,3,4.4,0.2,2.8
42,Zach LaVine\lavinza01,SG,27.4,5,4.9,0.5,3.5
42,DeAaron Fox\foxde01,PG,25.2,4,7.2,0.5,3.0
48,Kyrie Irving\irvinky01,PG,26.9,5,6.0,0.7,2.4
27,RJ Barrett\barrerj01,SG,17.6,6,3.0,0.3,1.9
36,Kyle Lowry\lowryky01,PG,17.2,5,7.3,0.3,2.7
58,Nikola Jokić\jokicni01,C,26.4,11,8.3,0.7,3.1
35,Terry Rozier\roziete01,SG,20.4,4,4.2,0.4,1.9
38,Jaylen Brown\brownja02,SG,24.7,6,3.4,0.6,2.7
38,Malcolm Brogdon\brogdma01,PG,21.2,5,5.9,0.3,2.1
26,Norman Powell\powelno01,SF,17.0,3,1.9,0.4,1.6
38,Brandon Ingram\ingrabr01,SF,23.8,5,4.9,0.6,2.5
30,Buddy Hield\hieldbu01,SG,16.6,5,3.6,0.4,1.8
48,Luka Dončić\doncilu01,PG,27.7,8,8.6,0.5,4.3
50,Stephen Curry\curryst01,PG,32.0,6,5.8,0.1,3.4
48,Nikola Vučević\vucevni01,C,24.5,12,3.8,0.6,1.9
45,Kawhi Leonard\leonaka01,SF,24.8,6,5.2,0.4,2.0
39,CJ McCollum\mccolcj01,SG,23.1,4,4.7,0.4,1.4
34,Gordon Hayward\haywago01,SF,19.6,6,4.1,0.3,2.1
32,Jerami Grant\grantje01,SF,22.3,5,2.8,1.1,2.0
35,Devin Booker\bookede01,SG,25.6,4,4.3,0.2,3.1
46,Karl-Anthony Towns\townska01,C,24.8,11,4.5,1.1,3.2
41,Trae Young\youngtr01,PG,25.3,4,9.4,0.2,4.1
40,Shai Gilgeous-Alexander\gilgesh01,SG,23.7,5,5.9,0.7,3.0
39,Paul George\georgpa01,SF,23.3,7,5.2,0.4,3.3
38,DeMar DeRozan\derozde01,PF,21.6,4,6.9,0.2,2.0
44,Jimmy Butler\butleji01,SF,21.5,7,7.1,0.3,2.1
47,Nikola Vučević\vucevni01,C,23.4,12,3.8,0.7,1.8
34,Victor Oladipo\oladivi01,SG,21.2,5,5.0,0.5,2.6
39,Bam Adebayo\adebaba01,C,18.7,9,5.4,1.0,2.6
39,Donovan Mitchell\mitchdo01,PG,26.4,4,5.2,0.3,2.8
36,Khris Middleton\middlkh01,SF,20.4,6,5.4,0.1,2.6
47,LeBron James\jamesle01,PG,25.0,8,7.8,0.6,3.7
30,Andrew Wiggins\wiggian01,PF,18.6,5,2.4,1.0,1.8
35,Victor Oladipo\oladivi01,SG,20.0,6,4.2,0.2,2.0
30,OG Anunoby\anunoog01,SF,15.9,6,2.2,0.7,1.7
41,Zion Williamson\willizi01,PF,27.0,7,3.7,0.6,2.7
30,Darius Garland\garlada01,PG,17.4,2,6.1,0.1,3.0
47,Kevin Durant\duranke01,PF,26.9,7,5.6,1.3,3.4
12,Justin Jackson\jacksju01,SF,9.0,6,1.0,0.0,1.0
54,Giannis Antetokounmpo\antetgi01,PF,28.1,11,5.9,1.2,3.4
29,Marcus Smart\smartma01,PG,13.1,4,5.7,0.5,2.0
36,Caris LeVert\leverca01,SG,20.7,5,4.9,0.7,2.2
29,Malik Beasley\beaslma01,SG,19.6,4,2.4,0.2,1.6
32,Victor Oladipo\oladivi01,SG,19.8,5,4.6,0.4,2.5
45,Nikola Vučević\vucevni01,C,21.5,12,3.9,0.8,1.7
32,Ja Morant\moranja01,PG,19.1,4,7.4,0.2,3.2
28,Mikal Bridges\bridgmi01,SF,13.5,4,2.1,0.9,0.8
36,Tobias Harris\harrito02,PF,19.5,7,3.5,0.8,1.7
34,Ben Simmons\simmobe01,PG,14.3,7,6.9,0.6,3.0
16,Isaac Okoro\okorois01,SG,9.6,3,1.9,0.4,1.3
36,Christian Wood\woodch01,C,21.0,10,1.7,1.2,2.0
38,Jrue Holiday\holidjr01,PG,17.7,4,6.1,0.6,2.2
39,Anthony Davis\davisan02,PF,21.8,8,3.1,1.6,2.1
33,John Wall\walljo01,PG,20.6,3,6.9,0.8,3.5
28,Dennis Schröder\schrode01,SG,15.4,4,5.8,0.2,2.7
28,Kevin Porter Jr.\porteke02,SG,16.6,4,6.3,0.3,3.5
28,Anthony Edwards\edwaran01,SG,19.3,5,2.9,0.5,2.2
28,Norman Powell\powelno01,SG-SF,18.6,3,1.9,0.3,1.7
22,Dorian Finney-Smith\finnedo01,PF,9.8,5,1.7,0.4,0.8
24,Robert Covington\covinro01,PF,8.5,7,1.7,1.2,0.9
22,Elijah Bryant\bryanel01,SG,16.0,6,3.0,1.0,4.0
34,Dejounte Murray\murrade01,PG,15.7,7,5.4,0.1,1.7
33,Kemba Walker\walkeke02,PG,19.3,4,4.9,0.3,2.0
24,Gary Trent Jr.\trentga02,SG,16.2,4,1.3,0.2,0.7
33,Lonzo Ball\balllo01,PG,14.6,5,5.7,0.6,2.2
21,Royce ONeale\onealro01,SF,7.0,7,2.5,0.5,1.2
35,Caris LeVert\leverca01,SG,20.2,5,5.2,0.6,2.2
22,Rui Hachimura\hachiru01,PF,13.8,6,1.4,0.1,1.2
33,Draymond Green\greendr01,PF,7.0,7,8.9,0.8,3.0
23,Duncan Robinson\robindu01,SF,13.1,4,1.8,0.3,1.1
40,Chris Paul\paulch01,PG,16.4,4,8.9,0.3,2.2
33,Michael Porter Jr.\portemi01,SF,19.0,7,1.1,0.9,1.3
23,Blake Griffin\griffbl01,PF,12.3,5,3.9,0.1,1.6
26,Coby White\whiteco01,PG,15.1,4,4.8,0.2,2.3
25,Larry Nance Jr.\nancela02,PF,9.3,7,3.1,0.5,1.6
21,Darius Bazley\bazleda01,PF,13.7,7,1.8,0.5,2.2
23,Gary Trent Jr.\trentga02,SG,15.3,3,1.4,0.2,0.7
38,Kelly Olynyk\olynyke01,PF,19.0,8,4.1,0.6,2.6
48,Joel Embiid\embiijo01,C,28.5,11,2.8,1.4,3.1
31,Myles Turner\turnemy01,C,12.6,6,1.0,3.4,1.4
25,Joe Harris\harrijo01,SF,14.1,4,1.9,0.2,0.9
23,Will Barton\bartowi01,SF,12.7,4,3.2,0.4,1.7
35,Kristaps Porziņģis\porzikr01,C,20.1,9,1.6,1.3,1.2
22,Gary Trent Jr.\trentga02,SG,15.0,2,1.4,0.1,0.8
25,Kevin Huerter\huertke01,SG,11.9,3,3.5,0.3,1.1
39,Rudy Gobert\goberru01,C,14.3,14,1.3,2.7,1.7
23,Bojan Bogdanović\bogdabo02,SF,17.0,4,1.9,0.1,1.8
25,Kelly Oubre Jr.\oubreke01,SF,15.4,6,1.3,0.8,1.3
33,Deandre Ayton\aytonde01,C,14.4,10,1.4,1.2,1.5
37,Khyri Thomas\thomakh01,SG,16.4,4,5.0,1.2,1.2
17,Gary Harris\harriga01,SG,9.7,2,1.7,0.2,0.7
27,P.J. Washington\washipj01,PF,12.9,7,2.5,1.2,2.0
28,Norman Powell\powelno01,SG,19.6,3,1.8,0.2,1.8
26,Khem Birch\birchkh01,C,11.9,8,1.9,1.2,1.1
22,Josh Richardson\richajo01,SG,12.1,3,2.6,0.4,1.3
21,Justin Holiday\holidju01,SG,10.5,4,1.7,0.6,0.8
26,Tyler Herro\herroty01,SG,15.1,5,3.4,0.3,1.9
30,Evan Fournier\fournev01,SF,19.7,3,3.7,0.3,2.1
28,Jarrett Allen\allenja01,C,13.2,10,1.7,1.4,1.5
28,Devonte Graham\grahade01,PG,14.8,3,5.4,0.1,1.5
30,Tyrese Haliburton\halibty01,PG,13.0,3,5.3,0.5,1.6
38,Clint Capela\capelca01,C,15.2,14,0.8,2.0,1.2
13,P.J. Tucker\tuckepj01,PF,4.4,5,1.4,0.6,1.0
29,Evan Fournier\fournev01,SF-SG,17.1,3,3.4,0.5,1.7
20,Reggie Bullock\bullore01,SF,10.9,3,1.5,0.2,0.7
24,Dillon Brooks\brookdi01,SF,17.2,3,2.3,0.4,1.8
20,Luguentz Dort\dortlu01,SG,14.0,4,1.7,0.4,1.5
31,Bogdan Bogdanović\bogdabo01,SG,16.4,4,3.3,0.3,1.2
22,Eric Bledsoe\bledser01,SG,12.2,3,3.8,0.3,1.6
27,Derrick White\whitede01,SG,15.4,3,3.5,1.0,1.3
28,Jarrett Allen\allenja01,C,12.8,10,1.7,1.4,1.6
25,Kendrick Nunn\nunnke01,PG,14.6,3,2.6,0.3,1.4
25,DeAndre Hunter\huntede01,SF,15.0,5,1.9,0.5,1.3
27,Evan Fournier\fournev01,SG,13.0,3,3.1,0.6,1.2
26,Aaron Gordon\gordoaa01,PF,14.6,7,4.2,0.8,2.7
33,Mike Conley\conlemi01,PG,16.2,4,6.0,0.2,1.9
21,T.J. Warren\warretj01,SF,15.5,4,1.3,0.0,1.0
24,Terrence Ross\rosste01,SG,15.6,3,2.3,0.5,1.6
31,John Collins\collijo01,PF,17.6,7,1.2,1.0,1.3
25,Miles Bridges\bridgmi02,PF,12.7,6,2.2,0.8,1.6
19,Ignas Brazdeikis\brazdig01,SF,11.1,5,2.0,0.4,1.4
28,Delon Wright\wrighde01,SG,10.4,4,5.0,0.5,1.3
23,JaeSean Tate\tateja01,SF,11.3,5,2.5,0.5,1.4
31,Richaun Holmes\holmeri01,C,14.2,8,1.7,1.6,1.2
24,Eric Gordon\gordoer01,SG,17.8,2,2.6,0.5,1.9
36,Andre Drummond\drumman01,C,17.5,13,2.6,1.2,3.2
18,Cam Reddish\reddica01,SF,11.2,4,1.3,0.3,1.3
33,LaMelo Ball\ballla01,PG,15.7,6,6.1,0.4,2.8
22,Kyle Kuzma\kuzmaky01,SF,12.9,6,1.9,0.6,1.7
23,Josh Hart\hartjo01,SF,9.2,8,2.3,0.3,1.0
22,Seth Curry\curryse01,SG,12.5,2,2.7,0.1,1.1
32,DAngelo Russell\russeda01,PG,19.0,3,5.8,0.4,2.7
28,Kelly Olynyk\olynyke01,C-PF,13.5,7,2.9,0.6,1.8
22,Keldon Johnson\johnske04,SF,12.8,6,1.8,0.3,1.1
24,Tim Hardaway Jr.\hardati02,SG,16.6,3,1.8,0.2,0.9
18,Kentavious Caldwell-Pope\caldwke01,SG,9.7,3,1.9,0.4,1.0
37,Jonas Valančiūnas\valanjo01,C,17.1,12,1.8,0.9,1.6
21,Danny Green\greenda02,SF,9.5,4,1.7,0.8,1.0
21,Trevor Ariza\arizatr01,SF,9.4,5,1.8,0.6,0.7
18,Patrick Williams\willipa01,PF,9.2,5,1.4,0.6,1.4
26,Joe Ingles\inglejo01,SF,12.1,4,4.7,0.2,1.7
31,Al Horford\horfoal01,C,14.2,7,3.4,0.9,1.0
19,Victor Oladipo\oladivi01,SG,12.0,4,3.5,0.5,3.5
34,Caris LeVert\leverca01,SG,18.5,4,6.0,0.5,2.2
26,Delon Wright\wrighde01,SG-PG,10.2,4,4.4,0.5,1.3
16,Gary Harris\harriga01,SG,9.9,2,2.0,0.3,0.9
23,Aaron Gordon\gordoaa01,PF,12.4,6,3.2,0.7,1.9
21,Steven Adams\adamsst01,C,7.6,9,1.9,0.7,1.3
23,Mitchell Robinson\robinmi01,C,8.3,8,0.5,1.5,0.8
23,Donte DiVincenzo\divindo01,SG,10.4,6,3.1,0.2,1.4
21,Jae Crowder\crowdja01,PF,10.1,5,2.1,0.5,0.9
18,Théo Maledon\maledth01,PG,10.1,3,3.5,0.2,2.2
21,Nicolas Batum\batumni01,SF,8.1,5,2.2,0.6,0.8
16,Garrett Temple\templga01,SG,7.6,3,2.2,0.5,1.0
20,Saddiq Bey\beysa01,SF,12.2,4,1.4,0.2,0.9
29,Kyle Anderson\anderky01,PF,12.4,6,3.6,0.8,1.2
24,Brook Lopez\lopezbr01,C,12.3,5,0.7,1.5,0.9
27,Thomas Bryant\bryanth01,C,14.3,6,1.5,0.8,1.1
22,Cole Anthony\anthoco01,PG,12.9,5,4.1,0.4,2.3
20,Jeff Green\greenje02,C,11.0,4,1.6,0.4,0.8
32,Andre Drummond\drumman01,C,14.9,12,2.0,1.1,2.7
19,Austin Rivers\riverau01,SG,8.7,2,2.6,0.1,0.9
22,Kelly Olynyk\olynyke01,C,10.0,6,2.1,0.6,1.3
23,Markelle Fultz\fultzma01,PG,12.9,3,5.4,0.3,2.3
28,Derrick Rose\rosede01,PG,14.9,3,4.2,0.4,1.4
28,Mason Plumlee\plumlma01,C,10.4,9,3.6,0.9,1.9
18,Maxi Kleber\klebima01,PF,7.1,5,1.4,0.7,0.6
24,Jakob Poeltl\poeltja01,C,8.6,8,1.9,1.8,1.2
23,Goran Dragić\dragigo01,PG,13.4,3,4.4,0.2,2.4
27,Jordan Clarkson\clarkjo01,SG,18.4,4,2.5,0.1,1.7
30,Jarrett Allen\allenja01,C,11.2,10,1.7,1.6,1.8
24,Wendell Carter Jr.\cartewe01,C,11.7,9,1.6,0.8,1.3
22,Marcus Morris\morrima03,PF,13.4,4,1.0,0.3,1.0
28,Cory Joseph\josepco01,PG,12.0,3,5.5,0.5,1.8
23,George Hill\hillge01,PG,11.8,2,3.1,0.1,0.9
11,P.J. Tucker\tuckepj01,PF,3.7,4,1.2,0.4,0.8
25,Ricky Rubio\rubiori01,PG,8.6,3,6.4,0.1,1.6
18,Moritz Wagner\wagnemo01,C,11.0,5,1.1,0.8,1.2
29,T.J. McConnell\mccontj01,PG,8.6,4,6.6,0.3,2.0
19,Armoni Brooks\brookar01,SG,11.2,3,1.5,0.3,1.1
29,LaMarcus Aldridge\aldrila01,C,12.8,5,2.6,2.2,1.4
16,Danuel House\houseda01,SF,8.8,4,1.9,0.4,1.0
20,Aaron Gordon\gordoaa01,PF,10.2,5,2.2,0.6,1.2
22,Marvin Bagley III\baglema01,PF,14.1,7,1.0,0.5,1.4
24,LaMarcus Aldridge\aldrila01,C,13.5,4,1.9,1.1,1.0
23,LaMarcus Aldridge\aldrila01,C,13.7,4,1.7,0.9,1.0
24,Delon Wright\wrighde01,PG,10.0,4,3.6,0.4,1.3
22,Lauri Markkanen\markkla01,PF,13.6,5,0.9,0.3,1.0
16,Killian Hayes\hayeski01,PG,6.8,3,5.3,0.4,3.2
22,Blake Griffin\griffbl01,PF,11.0,5,3.0,0.3,1.3
18,Michael Carter-Williams\cartemi01,SG,8.8,4,4.2,0.5,2.2
18,Dāvis Bertāns\bertada01,PF,11.5,3,0.9,0.2,0.6
16,Dwayne Bacon\bacondw01,SG,10.9,3,1.3,0.1,0.6
26,Derrick Rose\rosede01,PG,14.7,3,4.2,0.4,1.6
19,Cedi Osman\osmande01,SF,10.4,3,2.9,0.2,1.4
22,Alec Burks\burksal01,SG,12.7,5,2.2,0.3,1.0
23,Wendell Carter Jr.\cartewe01,C,11.2,8,1.9,0.8,1.4
17,Lonnie Walker\walkelo01,SG,11.2,3,1.7,0.3,1.1
21,Monte Morris\morrimo01,PG,10.2,2,3.2,0.3,0.7
19,Chuma Okeke\okekech01,PF,7.8,4,2.2,0.5,0.8
21,Josh Jackson\jacksjo02,SG,13.4,4,2.3,0.8,2.3
20,R.J. Hampton\hamptrj01,SG,11.2,5,2.8,0.3,1.6
20,Grayson Allen\allengr01,SG,10.6,3,2.2,0.2,1.0
21,Daniel Theis\theisda01,C,10.0,6,1.8,0.6,1.1
15,Gary Harris\harriga01,SG,10.2,2,2.3,0.4,1.2
23,Jalen Brunson\brunsja01,PG,12.6,3,3.5,0.0,1.2
24,Kevin Love\loveke01,PF,12.2,8,2.5,0.1,1.5
16,Maurice Harkless\harklma01,PF,6.9,3,1.4,0.6,0.7
18,Patty Mills\millspa02,PG,10.8,2,2.4,0.0,1.0
28,Andre Drummond\drumman01,C,11.9,10,1.4,1.0,2.0
23,Wendell Carter Jr.\cartewe01,C,10.9,8,2.2,0.8,1.5
23,Oshae Brissett\brissos01,SF,10.9,6,0.9,1.0,0.5
21,Daniel Theis\theisda01,C,9.6,5,1.7,0.9,1.0
21,Daniel Theis\theisda01,C,9.5,5,1.6,1.0,1.0
21,Doug McDermott\mcderdo01,PF,13.6,3,1.3,0.1,0.8
19,James Johnson\johnsja01,PF,9.2,4,2.2,0.9,1.3
21,Carmelo Anthony\anthoca01,PF,13.4,3,1.5,0.6,0.9
28,Enes Kanter\kanteen01,C,11.2,11,1.2,0.7,1.1
27,Thaddeus Young\youngth01,PF,12.1,6,4.3,0.6,2.0
15,Aleksej Pokusevski\pokusal01,PF,8.2,5,2.2,0.9,2.2
20,Nerlens Noel\noelne01,C,5.1,6,0.7,2.2,1.0
29,Chris Boucher\bouchch01,C,13.6,7,1.1,1.9,0.8
17,Sterling Brown\brownst02,SG,8.2,4,1.4,0.2,0.8
16,Jaden McDaniels\mcdanja02,PF,6.8,4,1.1,1.0,0.7
17,Cameron Johnson\johnsca02,PF,9.6,3,1.4,0.3,0.7
22,Danilo Gallinari\gallida01,PF,13.3,4,1.5,0.2,0.8
16,James Ennis\ennisja01,SF,8.4,4,1.5,0.2,0.9
23,Brandon Clarke\clarkbr01,PF,10.3,6,1.6,0.9,0.6
21,Ty Jerome\jeromty01,SG,10.7,3,3.6,0.2,1.4
17,Tristan Thompson\thomptr01,PF,7.6,8,1.2,0.6,1.1
28,Jusuf Nurkić\nurkiju01,C,11.5,9,3.4,1.1,2.0
21,Hamidou Diallo\diallha01,SG,11.9,5,2.4,0.4,1.5
19,Taurean Prince\princta02,PF,10.1,4,2.4,0.5,1.2
20,Kenyon Martin Jr.\martike04,SF,9.3,5,1.1,0.9,0.8
17,Elfrid Payton\paytoel01,PG,10.1,3,3.2,0.1,1.6
20,Hamidou Diallo\diallha01,SG-SF,11.6,5,1.9,0.5,1.5
16,Austin Rivers\riverau01,SG,7.9,2,2.3,0.1,1.0
26,Jaren Jackson Jr.\jacksja02,C,14.4,6,1.1,1.6,1.4
18,Isaiah Roby\robyis01,PF,8.7,6,1.8,0.6,1.9
23,Serge Ibaka\ibakase01,C,11.1,7,1.8,1.1,1.1
18,Hamidou Diallo\diallha01,SF,11.2,5,1.2,0.6,1.4
14,Deni Avdija\avdijde01,SF,6.3,5,1.2,0.3,0.6
20,Shake Milton\miltosh01,SG,13.0,2,3.1,0.3,1.6
15,Landry Shamet\shamela01,SG,9.3,2,1.6,0.2,0.8
17,Sviatoslav Mykhailiuk\mykhasv01,SG,10.3,3,1.8,0.2,1.6
19,Cory Joseph\josepco01,PG,8.2,3,3.4,0.3,1.3
20,Reggie Jackson\jacksre01,SG,10.7,3,3.1,0.1,1.1
10,Avery Bradley\bradlav01,SG,5.2,2,1.9,0.1,1.1
24,Montrezl Harrell\harremo01,C,13.5,6,1.1,0.7,1.1
24,Derrick Rose\rosede01,PG,14.2,2,4.2,0.3,1.9
16,Pat Connaughton\connapa01,SG,6.8,5,1.2,0.3,0.5
17,Khem Birch\birchkh01,C,7.2,6,1.3,0.7,0.7
14,Derrick Jones Jr.\jonesde02,SF,6.8,4,0.8,0.9,0.6
18,David Nwaba\nwabada01,SF,9.2,4,1.0,0.7,0.6
19,Tomáš Satoranský\satorto01,SG,7.7,2,4.7,0.2,1.7
18,Patrick Beverley\beverpa01,PG,7.5,3,2.1,0.8,0.9
17,George Hill\hillge01,PG,8.7,2,2.4,0.2,1.0
20,Ivica Zubac\zubaciv01,C,9.0,7,1.3,0.9,1.1
19,Bruce Brown\brownbr01,PG,8.8,5,1.6,0.4,0.8
12,Avery Bradley\bradlav01,SG,6.4,2,1.7,0.1,1.0
17,Desmond Bane\banede01,SG,9.2,3,1.7,0.2,0.9
18,Taurean Prince\princta02,PF,9.5,4,1.9,0.6,1.1
18,Otto Porter\porteot01,PF,8.0,5,1.7,0.0,0.0
16,Wayne Ellington\ellinwa01,SG,9.6,2,1.5,0.2,0.7
20,Lou Williams\willilo02,PG,12.1,2,3.4,0.1,1.6
18,Raul Neto\netora01,PG,8.7,2,2.3,0.1,0.8
18,Naji Marshall\marshna01,SF,7.7,5,2.8,0.3,1.2
20,DeAndre Jordan\jordade01,C,7.5,8,1.6,1.1,1.5
17,Facundo Campazzo\campafa01,PG,6.1,2,3.6,0.2,1.1
20,Nickeil Alexander-Walker\alexani01,SG,11.0,3,2.2,0.5,1.5
23,Cameron Oliver\oliveca01,SF,10.8,5,1.3,1.0,0.8
15,PJ Dozier\doziepj01,SG,7.7,4,1.8,0.4,0.9
18,Lou Williams\willilo02,PG,11.3,2,3.4,0.1,1.6
18,Kenrich Williams\willike04,PF,8.0,4,2.3,0.3,1.2
19,Otto Porter\porteot01,SF-PF,9.7,5,2.0,0.1,0.9
19,Otto Porter\porteot01,SF,9.9,6,2.0,0.2,1.0
20,Rudy Gay\gayru01,PF,11.4,5,1.4,0.6,1.0
14,Al-Farouq Aminu\aminual01,PF,5.5,5,1.7,0.5,1.5
15,Cory Joseph\josepco01,PG,6.6,2,2.5,0.2,1.0
21,Blake Griffin\griffbl01,PF,10.0,5,2.4,0.5,1.2
20,Terence Davis\daviste02,SG,11.1,3,1.7,0.3,1.3
18,James Wiseman\wisemja01,C,11.5,6,0.7,0.9,1.5
19,Isaiah Stewart\stewais01,C,7.9,7,0.9,1.3,1.0
19,Moses Brown\brownmo01,C,8.6,9,0.2,1.1,1.0
20,Jeremy Lamb\lambje01,SG,10.1,4,1.5,0.6,0.6
14,Andre Iguodala\iguodan01,SF,4.4,4,2.3,0.6,1.1
11,Solomon Hill\hillso01,PF,4.5,3,1.1,0.2,0.6
16,Spencer Dinwiddie\dinwisp01,SG,6.7,4,3.0,0.3,1.7
17,Gabriel Deck\deckga01,PF,8.4,4,2.4,0.0,0.6
12,Tony Snell\snellto01,SG,5.3,2,1.3,0.2,0.4
15,Avery Bradley\bradlav01,SG,8.5,2,1.4,0.1,0.9
15,Lou Williams\willilo02,PG,10.0,2,3.4,0.1,1.8
18,Ish Smith\smithis01,PG,6.7,3,3.9,0.3,0.9
11,Jay Scrubb\scrubja01,SG,8.8,4,0.3,0.0,1.8
14,Austin Rivers\riverau01,SG,7.3,2,2.0,0.0,1.0
16,Alex Caruso\carusal01,PG,6.4,3,2.8,0.3,1.3
20,Cody Zeller\zelleco01,C,9.4,7,1.8,0.4,1.1
18,Juan Toscano-Anderson\toscaju01,SG,5.7,4,2.8,0.5,1.2
18,Malik Monk\monkma01,SG,11.7,2,2.1,0.1,1.3
12,Maurice Harkless\harklma01,PF-SF,5.2,2,1.2,0.5,0.6
23,Bobby Portis\portibo01,C,11.4,7,1.1,0.4,0.8
19,Paul Millsap\millspa01,PF,9.0,5,1.8,0.6,0.9
17,Taj Gibson\gibsota01,PF,5.4,6,0.8,1.1,0.5
19,D.J. Augustin\augusdj01,PG,10.6,2,3.9,0.0,1.6
12,Sindarius Thornwell\thornsi01,SG,3.4,2,2.4,0.1,0.4
16,James Johnson\johnsja01,PF,7.2,3,1.9,0.8,1.1
22,Rajon Rondo\rondora01,PG,7.6,3,5.8,0.1,2.2
11,Chasson Randle\randlch01,PG,6.5,2,1.8,0.1,1.1
13,Bismack Biyombo\biyombi01,C,5.0,5,1.2,1.1,1.1
12,Josh Okogie\okogijo01,SG,5.4,3,1.1,0.5,0.7
22,DeMarcus Cousins\couside01,C,9.6,8,2.4,0.7,1.6
15,Sviatoslav Mykhailiuk\mykhasv01,SF-SG,8.5,2,1.7,0.2,1.3
20,DeAnthony Melton\meltode01,PG,9.1,3,2.5,0.6,1.3
17,Damian Jones\jonesda03,C,6.9,4,1.4,1.0,0.9
13,DaQuan Jeffries\jeffrda01,SG,4.9,3,1.2,0.5,0.5
17,Talen Horton-Tucker\hortota01,SG,9.0,3,2.8,0.3,1.6
15,Matisse Thybulle\thybuma01,SG,3.9,2,1.0,1.1,0.5
18,Yogi Ferrell\ferreyo01,PG,9.5,4,2.5,0.5,1.5
8,P.J. Tucker\tuckepj01,PF,2.6,3,0.8,0.1,0.4
16,Kent Bazemore\bazemke01,SF,7.2,3,1.6,0.5,1.2
11,Frank Mason III\masonfr01,PG,6.3,3,3.0,0.0,1.3
13,Khem Birch\birchkh01,C,5.3,5,1.1,0.6,0.5
15,D.J. Augustin\augusdj01,PG,7.7,2,3.3,0.0,1.1
13,Markieff Morris\morrima02,PF,6.7,4,1.2,0.3,0.9
16,Malachi Flynn\flynnma01,PG,7.5,2,2.9,0.1,0.9
12,Damyean Dotson\dotsoda01,SG,6.7,2,2.0,0.1,0.9
19,Dennis Smith Jr.\smithde03,PG,7.3,3,3.7,0.7,1.3
15,Luke Kennard\kennalu01,SG,8.3,2,1.7,0.1,0.8
14,Freddie Gillespie\gillefr01,PF,5.6,5,0.5,1.0,0.6
13,Justise Winslow\winslju01,SF,6.8,4,1.9,0.5,1.4
14,Brad Wanamaker\wanambr01,PG,6.9,2,3.4,0.2,1.5
10,Wesley Matthews\matthwe02,SG,4.8,2,0.9,0.3,0.4
17,Immanuel Quickley\quickim01,PG,11.4,2,2.0,0.2,0.9
18,Jordan Poole\poolejo01,SG,12.0,2,1.9,0.2,1.0
16,Furkan Korkmaz\korkmfu01,SG,9.1,2,1.5,0.2,0.8
15,JaMychal Green\greenja01,PF,8.1,5,0.9,0.4,0.9
14,Bryn Forbes\forbebr01,SG,10.0,2,0.6,0.0,0.6
11,Dante Exum\exumda01,SG,3.8,3,2.2,0.3,1.2
13,D.J. Augustin\augusdj01,PG,6.1,1,3.0,0.0,0.9
14,Dean Wade\wadede01,PF,6.0,3,1.2,0.3,0.5
20,Naz Reid\reidna01,C,11.2,5,1.0,1.1,1.0
15,Payton Pritchard\pritcpa01,SG,7.7,2,1.8,0.1,0.8
14,Jalen McDaniels\mcdanja01,SF,7.4,4,1.1,0.4,1.0
12,Ignas Brazdeikis\brazdig01,SF,7.0,3,1.3,0.2,0.9
15,Robin Lopez\lopezro01,C,9.0,4,0.8,0.6,1.1
8,Rodney Hood\hoodro01,SF,4.7,2,1.2,0.1,0.8
16,Marc Gasol\gasolma01,C,5.0,4,2.1,1.1,1.0
14,DeAndre Bembry\bembrde01,SF,5.7,3,2.1,0.4,1.4
16,Justin Patton\pattoju01,C,5.4,4,1.1,1.1,0.3
14,Kevon Looney\looneke01,C,4.1,5,2.0,0.4,0.6
16,Henry Ellenson\ellenhe01,PF,7.5,6,2.5,0.0,0.0
25,Robert Williams\williro04,C,8.0,7,1.8,1.8,1.0
15,Terance Mann\mannte01,SG,7.0,4,1.6,0.2,0.6
14,Damion Lee\leeda03,SG,6.5,3,1.3,0.1,0.5
11,George Hill\hillge01,PG,6.0,2,1.9,0.2,1.2
12,Al-Farouq Aminu\aminual01,PF,4.4,5,1.3,0.4,1.2
16,Torrey Craig\craigto01,SF,7.2,5,1.0,0.6,0.6
4,Didi Louzada\louzama01,SF,2.7,1,1.0,0.0,1.0
13,J.J. Redick\redicjj01,SG,8.7,2,1.3,0.1,0.8
18,Nicolas Claxton\claxtni01,C,6.6,5,0.9,1.3,0.6
14,Frank Jackson\jacksfr01,PG,9.8,2,0.9,0.0,0.9
12,Aron Baynes\baynear01,C,6.1,5,0.9,0.4,0.9
16,Xavier Tillman Sr.\tillmxa01,PF,6.6,4,1.3,0.6,0.8
16,Mike Muscala\muscami01,C,9.7,4,0.8,0.3,0.6
16,Jordan McLaughlin\mclaujo01,PG,5.0,2,3.8,0.1,1.0
17,Dennis Smith Jr.\smithde03,PG,6.7,2,3.3,0.6,1.1
14,Taurean Prince\princta02,PF,8.1,3,0.6,0.7,0.9
16,Mike James\jamesmi02,PG,7.7,2,4.2,0.1,1.5
8,Gary Clark\clarkga01,SF,3.4,3,0.9,0.2,0.5
12,Troy Brown Jr.\browntr01,SF,5.5,3,0.8,0.2,0.4
10,Grant Williams\willigr01,PF,4.7,3,1.0,0.4,0.9
13,Jeff Teague\teaguje01,PG,6.9,2,2.1,0.2,1.1
15,Jaylen Nowell\nowelja01,SG,9.0,2,1.5,0.3,0.7
11,Timothé Luwawu-Cabarrot\luwawti01,SF,6.4,2,1.2,0.1,0.7
19,Cameron Payne\payneca01,PG,8.4,2,3.6,0.3,1.0
17,Willy Hernangómez\hernawi01,C,7.8,7,1.1,0.5,0.7
18,Tony Bradley\bradlto01,C,8.7,6,0.9,0.8,1.2
9,Jerome Robinson\robinje01,SG,4.9,2,1.5,0.4,1.1
21,Isaiah Hartenstein\harteis01,C,8.3,6,2.5,1.2,1.4
16,Jarred Vanderbilt\vandeja01,PF,5.4,6,1.2,0.7,0.8
12,Aaron Holiday\holidaa01,PG,7.2,1,1.9,0.2,1.0
23,Daniel Gafford\gaffoda01,C,10.1,6,0.5,1.8,0.8
13,Sviatoslav Mykhailiuk\mykhasv01,SF,6.9,2,1.6,0.2,1.1
15,Terence Davis\daviste02,SG,8.7,2,1.4,0.2,1.0
11,Ben McLemore\mclembe01,SG,8.0,2,0.5,0.3,0.7
17,Tyus Jones\jonesty01,PG,6.3,2,3.7,0.1,0.7
10,Tyler Johnson\johnsty01,SG,5.4,2,1.2,0.0,0.4
15,Dario Šarić\saricda01,C,8.7,4,1.3,0.1,1.1
14,Eric Paschall\pascher01,PF,9.5,3,1.3,0.2,1.1
15,James Johnson\johnsja01,PF,5.7,3,1.7,0.8,0.9
13,R.J. Hampton\hamptrj01,SG-PG,6.9,4,1.7,0.2,1.0
19,DeMarcus Cousins\couside01,C,8.9,6,1.9,0.6,1.6
12,Brad Wanamaker\wanambr01,PG,5.5,2,2.9,0.2,1.2
13,Jeff Teague\teaguje01,PG,6.7,2,2.4,0.2,1.2
13,Anfernee Simons\simonan01,SG,7.8,2,1.4,0.1,0.7
10,Anthony Lamb\lamban01,SF,5.5,3,1.0,0.2,0.8
16,Dwight Howard\howardw01,C,7.0,8,0.9,0.9,1.6
12,Juan Hernangómez\hernaju01,PF,7.2,4,0.7,0.1,0.5
12,Matthew Dellavedova\dellama01,PG,2.8,2,4.5,0.1,0.5
16,Rajon Rondo\rondora01,PG,5.4,2,4.4,0.1,1.8
11,Ben McLemore\mclembe01,SG,7.7,2,0.7,0.2,0.8
8,Rodney Hood\hoodro01,SF,4.5,2,1.0,0.1,0.7
14,Willie Cauley-Stein\caulewi01,C,5.3,4,0.7,0.8,0.5
12,Devin Vassell\vassede01,SF,5.5,3,0.9,0.3,0.4
9,Cameron Reynolds\reynoca01,SF,6.5,2,1.0,0.0,0.0
9,Semi Ojeleye\ojelese01,PF,4.6,3,0.7,0.0,0.4
12,Justin Jackson\jacksju01,SF,7.2,2,1.5,0.1,0.9
17,Gorgui Dieng\dienggo01,C,7.9,4,1.3,0.6,1.0
7,Charlie Brown\brownch02,SG,4.4,2,1.0,0.2,0.7
13,Nemanja Bjelica\bjeline01,PF,7.2,4,1.9,0.1,1.1
11,Ben McLemore\mclembe01,SG,7.4,2,0.9,0.1,0.9
12,Jaylen Hoard\hoardja01,SF,6.1,3,1.3,0.3,0.9
7,Gary Clark\clarkga01,SF-PF,3.1,3,0.8,0.2,0.4
13,Denzel Valentine\valende01,SG,6.5,3,1.7,0.1,0.7
10,Mike Scott\scottmi01,PF,4.2,2,0.8,0.3,0.4
14,Dwight Powell\poweldw01,C,5.9,4,1.1,0.5,0.7
13,Kira Lewis Jr.\lewiski01,PG,6.4,1,2.3,0.2,0.6
12,Dylan Windler\windldy01,SF,5.2,3,1.1,0.4,1.0
11,Stanley Johnson\johnsst04,PF,4.4,2,1.5,0.3,0.9
12,Justin Jackson\jacksju01,SF,7.2,2,1.5,0.1,0.9
11,J.J. Redick\redicjj01,SG,7.4,2,1.2,0.1,0.8
11,Cody Martin\martico01,SF,4.0,3,1.7,0.2,0.8
15,Saben Lee\leesa01,PG,5.6,2,3.6,0.3,1.1
9,Shaquille Harrison\harrish01,SG,3.3,2,0.9,0.3,0.4
16,Tony Bradley\bradlto01,C,7.1,6,0.9,0.7,0.8
12,Edmond Sumner\sumneed01,SG,7.5,2,0.9,0.2,1.0
9,Garrison Mathews\mathega01,SG,5.5,1,0.4,0.1,0.2
15,Jaxson Hayes\hayesja02,C,7.5,4,0.6,0.6,0.7
14,Torrey Craig\craigto01,SF,5.5,4,1.0,0.5,0.5
13,Nemanja Bjelica\bjeline01,PF,6.5,3,1.9,0.1,0.9
11,Brad Wanamaker\wanambr01,PG,4.7,2,2.5,0.2,0.9
13,Moritz Wagner\wagnemo01,C,6.9,3,1.1,0.4,1.0
7,Isaiah Thomas\thomais02,PG,7.7,1,1.7,0.0,2.0
9,Glenn Robinson III\robingl02,SF,5.3,2,0.9,0.1,0.5
12,Georges Niang\niangge01,PF,6.9,2,0.8,0.1,0.7
5,Josh Hall\halljo01,SF,4.1,3,1.3,0.0,1.2
13,Jeff Teague\teaguje01,PG,6.6,1,2.8,0.2,1.2
9,DaQuan Jeffries\jeffrda01,SG,4.1,2,0.7,0.3,0.5
15,Alex Len\lenal01,C,7.1,4,0.8,1.0,0.8
18,Mo Bamba\bambamo01,C,8.0,6,0.8,1.3,0.8
6,Romeo Langford\langfro01,SG,3.1,2,0.7,0.3,0.6
10,Chandler Hutchison\hutchch01,SF,5.2,3,0.7,0.3,0.8
10,Trey Lyles\lylestr01,PF,5.0,4,0.6,0.0,0.3
8,Sekou Doumbouya\doumbse01,PF,5.1,3,0.8,0.2,0.8
11,Dakota Mathias\mathida01,SG,6.0,1,1.6,0.4,0.1
10,Caleb Martin\martica02,SF,5.0,3,1.3,0.2,0.6
9,Troy Brown Jr.\browntr01,SF,4.7,3,0.9,0.2,0.6
10,Patrick Patterson\pattepa01,PF,5.2,2,0.8,0.2,0.3
14,Tyrese Maxey\maxeyty01,SG,8.0,2,2.0,0.2,0.7
14,Alex Len\lenal01,C,6.6,4,0.8,1.0,0.9
15,Derrick Favors\favorde01,C,5.4,6,0.6,1.0,0.5
17,Hassan Whiteside\whiteha01,C,8.1,6,0.6,1.3,1.1
16,JaVale McGee\mcgeeja01,C,8.0,5,1.0,1.2,1.4
15,Frank Kaminsky\kaminfr01,C,6.6,4,1.7,0.4,0.5
14,Moritz Wagner\wagnemo01,C,7.1,3,1.3,0.3,0.8
10,Tyler Cook\cookty01,SF,5.5,3,0.5,0.1,0.7
10,Jordan Bell\belljo01,C,1.0,5,2.0,2.0,1.0
12,Rajon Rondo\rondora01,PG,3.9,2,3.5,0.1,1.4
12,Abdel Nader\naderab01,SF,6.7,3,0.8,0.4,0.8
15,JaVale McGee\mcgeeja01,C,7.3,5,0.8,1.2,1.3
9,Jarrett Culver\culveja01,SG,5.3,3,0.7,0.3,0.8
11,Trey Burke\burketr01,PG,6.6,1,1.3,0.1,0.5
16,Daniel Gafford\gaffoda01,PF-C,7.0,4,0.5,1.4,0.8
11,Yuta Watanabe\watanyu01,SF,4.4,3,0.8,0.4,0.4
9,Aaron Nesmith\nesmiaa01,SF,4.7,3,0.5,0.2,0.5
15,Gorgui Dieng\dienggo01,C,6.8,4,1.3,0.4,0.8
12,Terence Davis\daviste02,SG,6.9,2,1.1,0.2,0.9
10,ETwaun Moore\mooreet01,SG,4.9,2,1.5,0.2,0.9
11,Robert Franks\frankro01,PF,6.1,2,0.7,0.4,0.3
15,Tony Bradley\bradlto01,C,5.5,5,0.9,0.7,0.3
12,D.J. Wilson\wilsodj01,PF,6.1,4,0.9,0.5,0.8
17,Louis King\kinglo02,SF,7.3,3,1.5,0.5,0.7
13,Nemanja Bjelica\bjeline01,PF,5.0,2,1.8,0.3,0.5
8,Nicolò Melli\mellini01,PF,4.0,3,0.8,0.1,0.2
13,Luke Kornet\kornelu01,C,4.4,3,1.1,1.4,0.3
11,Damian Jones\jonesda03,C,4.7,3,0.7,0.7,0.7
12,Damian Jones\jonesda03,C,5.4,3,0.1,0.9,0.6
13,Drew Eubanks\eubandr01,C,5.8,4,0.8,0.9,0.8
8,Jordan Bone\bonejo01,PG,4.0,2,1.3,0.0,0.2
10,Jake Layman\laymaja01,SF,5.1,2,0.6,0.4,0.6
5,Wesley Iwundu\iwundwe01,SF,2.8,3,0.4,0.1,0.7
12,Jabari Parker\parkeja01,PF,6.4,4,1.0,0.4,0.7
8,Chandler Hutchison\hutchch01,SF,4.3,3,0.7,0.2,0.8
14,Donta Hall\halldo01,PF,5.6,5,0.8,0.8,0.6
8,Javonte Green\greenja02,SG,4.2,2,0.4,0.1,0.5
9,Tyler Cook\cookty01,SF-PF,4.9,3,0.5,0.1,0.7
8,Troy Brown Jr.\browntr01,SF,4.3,3,0.9,0.2,0.8
9,Jordan Bell\belljo01,C,2.5,4,1.2,0.8,0.7
12,Chimezie Metu\metuch01,C,6.3,3,0.8,0.5,0.8
13,Yogi Ferrell\ferreyo01,PG,5.6,2,2.2,0.3,0.3
11,Quinn Cook\cookqu01,PG,6.1,2,1.9,0.0,0.6
12,JaVale McGee\mcgeeja01,C,5.5,5,0.5,1.1,1.2
13,Marquese Chriss\chrisma01,PF,6.5,6,1.0,1.0,1.0
8,Brodric Thomas\thomabr01,SG,4.1,2,0.9,0.3,0.6
11,John Konchar\konchjo01,SG,4.3,3,1.1,0.2,0.4
9,Jordan Bell\belljo01,C,2.8,4,1.0,0.6,0.6
9,Nassir Little\littlna01,PF,4.6,3,0.5,0.3,0.4
12,Jalen Harris\harrija01,SG,7.4,1,1.3,0.0,1.1
9,Brandon Goodwin\goodwbr01,PG,4.9,2,2.0,0.0,0.8
8,Gabe Vincent\vincega01,PG,4.8,1,1.3,0.0,0.7
5,Wesley Iwundu\iwundwe01,SF,2.4,2,0.4,0.1,0.5
16,Dewayne Dedmon\dedmode01,C,7.1,5,0.8,0.4,0.8
10,Max Strus\strusma01,SF,6.1,1,0.6,0.1,0.2
10,Ed Davis\davised01,C,2.1,5,0.9,0.6,0.3
9,Jahlil Okafor\okafoja01,C,5.4,2,0.5,0.2,0.8
6,DaQuan Jeffries\jeffrda01,SG,3.5,2,0.3,0.2,0.4
15,DeMarcus Cousins\couside01,C,7.8,4,1.0,0.4,1.6
9,Mychal Mulder\muldemy01,PG,5.6,1,0.4,0.2,0.3
10,Jabari Parker\parkeja01,PF,5.5,3,0.8,0.4,0.8
6,Rodney Hood\hoodro01,SF,3.9,2,0.4,0.2,0.3
5,Andre Roberson\roberan03,SG,1.2,3,0.8,0.2,0.4
7,Nicolò Melli\mellini01,PF,3.0,3,1.0,0.1,0.3
7,Brodric Thomas\thomabr01,SG,3.9,2,0.9,0.3,0.7
8,Lamar Stevens\stevela01,PF,4.1,2,0.6,0.3,0.6
5,Wesley Iwundu\iwundwe01,SF,2.1,2,0.4,0.1,0.3
12,Goga Bitadze\bitadgo01,C,5.1,3,0.8,1.3,0.4
10,D.J. Wilson\wilsodj01,PF,5.2,3,0.7,0.5,0.6
12,Daniel Gafford\gaffoda01,PF,4.7,3,0.5,1.1,0.7
6,Tim Frazier\fraziti01,PG,1.6,2,3.2,0.2,0.8
12,Isaiah Hartenstein\harteis01,C,5.1,4,1.2,0.8,1.0
6,KZ Okpala\okpalkz01,PF,2.5,2,0.5,0.3,0.4
11,Rodney McGruder\mcgruro01,SG,5.7,1,1.0,0.1,0.4
9,Nico Mannion\mannini01,PG,4.1,2,2.3,0.0,1.0
9,Precious Achiuwa\achiupr01,PF,5.0,3,0.5,0.5,0.7
11,Onyeka Okongwu\okongon01,C,4.6,3,0.4,0.7,0.6
12,Yogi Ferrell\ferreyo01,PG,4.6,2,2.1,0.3,0.0
10,Jevon Carter\carteje01,PG,4.1,2,1.2,0.2,0.3
8,Mason Jones\jonesma05,SG,5.8,2,1.5,0.0,1.1
10,Mfiondu Kabengele\kabenmf01,PF,4.3,3,0.8,0.6,0.6
7,Javonte Green\greenja02,SG-PG,3.6,2,0.4,0.1,0.5
7,Wenyen Gabriel\gabriwe01,PF,3.4,3,0.5,0.4,0.7
6,Josh Green\greenjo02,SG,2.6,2,0.7,0.1,0.4
6,J.J. Redick\redicjj01,SG,4.4,1,0.8,0.1,0.8
5,Maurice Harkless\harklma01,SF,1.4,1,0.6,0.4,0.3
3,Kris Dunn\dunnkr01,PG,1.3,2,0.5,0.5,0.8
11,Gorgui Dieng\dienggo01,C,5.3,3,1.2,0.1,0.6
10,Luke Kornet\kornelu01,C-PF,3.4,2,0.8,1.0,0.2
8,Torrey Craig\craigto01,SF,2.5,2,0.9,0.4,0.3
4,Al-Farouq Aminu\aminual01,PF,1.5,3,0.3,0.0,0.5
8,Paul Watson\watsopa01,SF,4.1,2,0.6,0.1,0.3
8,Obi Toppin\toppiob01,PF,4.1,2,0.5,0.2,0.4
6,Nicolò Melli\mellini01,PF,2.0,2,1.1,0.0,0.3
6,Kevin Knox\knoxke01,SF,3.9,1,0.5,0.1,0.4
8,Langston Galloway\gallola01,SG,4.8,1,0.7,0.0,0.3
7,JaKarr Sampson\sampsja02,PF,4.6,3,0.1,0.5,0.5
11,Darius Miller\milleda01,SF,4.1,1,1.2,0.3,0.4
5,Alex Len\lenal01,C,2.3,2,0.4,0.9,1.1
5,Isaac Bonga\bongais01,SF,2.0,2,0.6,0.2,0.6
13,Alize Johnson\johnsal02,PF,5.2,5,0.8,0.3,0.5
11,Chris Chiozza\chiozch01,PG,4.0,1,3.0,0.3,0.7
8,Mason Jones\jonesma05,SG,5.3,2,1.3,0.0,0.9
6,Sindarius Thornwell\thornsi01,SG,2.0,1,1.0,0.1,0.3
7,Ryan Arcidiacono\arcidry01,PG,3.1,2,1.3,0.0,0.2
7,Killian Tillie\tilliki02,C,3.2,1,0.4,0.4,0.1
7,Trent Forrest\forretr01,PG,2.9,2,1.5,0.1,0.7
8,Mamadi Diakite\diakima01,PF,3.1,2,0.6,0.4,0.2
5,Justin Robinson\robinju01,PG,2.3,1,1.0,0.0,0.2
6,Frank Ntilikina\ntilila01,PG,2.7,1,0.6,0.1,0.3
5,Shaquille Harrison\harrish01,SG,2.1,1,0.7,0.1,0.3
6,Meyers Leonard\leoname01,C,3.3,2,0.7,0.0,0.7
7,Rondae Hollis-Jefferson\holliro01,PF,2.5,2,1.2,0.4,0.2
6,Thanasis Antetokounmpo\antetth01,SF,2.9,2,0.8,0.2,0.8
4,Miye Oni\onimi01,SG,1.9,2,0.5,0.1,0.3
2,Ray Spalding\spaldra01,C,2.0,2,0.0,1.0,1.5
6,Zeke Nnaji\nnajize01,PF,3.2,2,0.2,0.1,0.2
8,Thon Maker\makerth01,C,3.8,2,0.5,0.5,0.4
6,Dennis Smith Jr.\smithde03,PG,3.0,1,1.0,0.0,0.3
6,Luka Šamanić\samanlu01,PF,3.7,2,0.5,0.2,0.6
4,Norvel Pelle\pelleno01,C,2.0,2,0.0,1.0,1.0
6,Isaiah Joe\joeis01,SG,3.7,1,0.5,0.1,0.3
5,R.J. Hampton\hamptrj01,PG,2.6,2,0.6,0.1,0.4
7,Devin Cannady\cannade01,PG,4.3,1,0.1,0.1,0.3
9,Tremont Waters\watertr01,PG,3.8,1,2.4,0.0,1.0
9,Kelan Martin\martike03,SF,4.5,2,0.5,0.3,0.5
8,Harry Giles\gilesha01,C,2.8,4,0.8,0.3,0.5
9,Jordan Nwora\nworajo01,SF,5.7,2,0.2,0.2,0.8
4,Chandler Hutchison\hutchch01,SF,1.9,3,0.6,0.0,0.7
8,Isaiah Hartenstein\harteis01,C,3.5,3,0.5,0.7,0.7
3,Anthony Tolliver\tollian01,PF,1.5,1,0.2,0.2,0.3
4,Jabari Parker\parkeja01,PF,2.7,2,0.3,0.3,1.0
5,Amir Coffey\coffeam01,SG,3.2,1,0.5,0.0,0.3
6,Carsen Edwards\edwarca01,SG,4.0,1,0.5,0.0,0.2
6,D.J. Wilson\wilsodj01,PF,3.6,2,0.3,0.3,0.3
4,Sean McDermott\mcderse01,SF,2.2,1,0.2,0.2,0.2
3,Karim Mané\maneka01,PG,1.1,1,0.4,0.2,0.3
7,Ersan İlyasova\ilyaser01,PF,3.8,2,0.2,0.2,0.5
6,Justin James\jamesju01,SF,3.9,1,0.6,0.1,0.4
6,Nathan Knight\knighna01,PF,3.8,2,0.2,0.3,0.5
7,Anthony Gill\gillan01,PF,3.1,2,0.4,0.2,0.3
3,Jeremiah Martin\martije02,PG,2.4,1,0.4,0.2,0.7
7,Skylar Mays\mayssk01,SG,3.8,1,0.9,0.1,0.3
8,Boban Marjanović\marjabo01,C,4.7,4,0.3,0.2,0.4
6,Keita Bates-Diop\bateske01,SF,2.6,2,0.4,0.2,0.2
6,Reggie Perry\perryre01,PF,3.0,3,0.5,0.2,0.6
4,Cameron Reynolds\reynoca01,SF,3.0,1,0.4,0.0,0.0
6,Javonte Green\greenja02,PG,2.6,1,0.4,0.3,0.4
-1,Ignas Brazdeikis\brazdig01,SF,0.0,2,0.0,0.0,0.0
6,Sam Merrill\merrisa01,SG,3.0,1,0.7,0.0,0.3
5,Axel Toupane\toupaax01,SF,1.8,1,0.5,0.4,0.0
5,Kyle Guy\guyky01,PG,2.8,1,1.0,0.0,0.4
6,Chris Silva\silvach01,PF,2.7,2,0.5,0.5,0.8
4,Matt Thomas\thomama02,SG,2.7,1,0.3,0.0,0.2
5,Tre Jones\jonestr01,PG,2.5,1,1.1,0.0,0.4
6,Anderson Varejão\varejan01,C,2.6,4,0.6,0.4,0.2
4,Matt Thomas\thomama02,SG,3.1,1,0.4,0.0,0.3
6,Jahmius Ramsey\ramseja01,SG,3.1,1,0.5,0.1,0.2
5,Luke Kornet\kornelu01,PF,2.0,1,0.3,0.5,0.1
5,Mfiondu Kabengele\kabenmf01,PF,2.4,2,0.4,0.3,0.4
8,Tacko Fall\fallta01,C,2.5,3,0.2,1.1,0.3
5,Matt Thomas\thomama02,SG,3.6,1,0.5,0.0,0.4
4,Vlatko Čančar\cancavl01,PF,2.1,1,0.3,0.0,0.3
2,Moritz Wagner\wagnemo01,C,1.2,2,0.7,0.1,1.0
8,Paul Reed\reedpa01,PF,3.4,2,0.5,0.5,0.5
3,Rodions Kurucs\kurucro01,SF,1.2,1,0.4,0.4,0.8
7,Rodions Kurucs\kurucro01,SF,3.0,2,0.8,0.0,0.8
3,Bruno Fernando\fernabr01,C,1.5,2,0.3,0.1,0.6
3,Jared Dudley\dudleja01,PF,0.5,2,0.4,0.1,0.2
6,Quinn Cook\cookqu01,PG,3.3,1,0.8,0.0,0.3
4,Deividas Sirvydis\sirvyde01,SG,2.1,2,0.3,0.0,0.3
4,Damian Jones\jonesda03,C,1.6,1,0.3,0.4,0.4
5,Alfonzo McKinnie\mckinal01,SF,3.1,1,0.2,0.0,0.1
4,Patrick McCaw\mccawpa01,SF,1.0,1,0.8,0.0,0.0
5,Norvel Pelle\pelleno01,C,1.5,2,0.2,0.7,0.2
3,Gary Clark\clarkga01,PF,0.0,1,0.5,0.0,0.0
4,CJ Elleby\ellebcj01,SF,2.3,1,0.3,0.1,0.2
4,Quinndary Weatherspoon\weathqu01,SG,2.3,1,0.4,0.1,0.5
5,Chris Silva\silvach01,PF,2.1,2,0.4,0.4,0.7
4,Vernon Carey Jr.\careyve01,C,2.4,1,0.1,0.3,0.3
4,Brodric Thomas\thomabr01,SG,2.5,1,1.0,0.3,1.0
-8,Anžejs Pasečņiks\pasecan01,C,0.0,1,1.0,0.0,5.0
4,Rodions Kurucs\kurucro01,SF-PF,1.5,1,0.5,0.2,0.6
4,Bruno Caboclo\cabocbr01,PF,2.8,2,0.2,0.3,0.7
3,Jalen Smith\smithja04,PF,2.0,1,0.1,0.2,0.3
5,Norvel Pelle\pelleno01,C,1.2,1,0.1,0.7,0.0
6,Amida Brimah\brimaam01,C,2.6,2,0.2,1.0,0.8
4,Alen Smailagić\smailal01,PF,1.9,1,0.3,0.3,0.3
1,Iman Shumpert\shumpim01,SG,1.0,0,0.0,0.0,0.5
3,Markus Howard\howarma02,SG,2.8,0,0.5,0.0,0.5
4,Daniel Oturu\oturuda01,C,1.8,2,0.3,0.2,0.3
3,James Nunnally\nunnaja01,SF,1.7,1,0.3,0.0,0.2
3,Sindarius Thornwell\thornsi01,SG,1.2,0,0.3,0.1,0.3
3,Tyrell Terry\terryty01,PG,1.0,0,0.5,0.0,0.2
3,Juwan Morgan\morgaju01,PF,1.2,1,0.3,0.0,0.1
3,T.J. Leaf\leaftj01,PF,1.7,1,0.1,0.1,0.3
4,Bol Bol\bolbo01,PF,2.2,1,0.2,0.3,0.4
3,Rayjon Tucker\tuckera01,PG,2.4,1,0.4,0.0,0.3
3,Jontay Porter\portejo01,PF,2.0,1,0.1,0.1,0.6
4,Devontae Cacok\cacokde01,PF,2.0,2,0.1,0.2,0.3
5,Jarrell Brantley\brantja01,PF,2.3,1,0.5,0.1,0.3
3,Marques Bolden\boldema01,C,1.2,1,0.0,0.3,0.3
3,Cristiano Felício\feliccr01,C,1.3,2,0.5,0.0,0.2
3,Cassius Winston\winstca01,PG,1.9,0,0.5,0.0,0.2
4,Mason Jones\jonesma05,SG,2.7,1,0.5,0.0,0.2
5,Devon Dotson\dotsode01,PG,2.1,0,0.6,0.0,0.0
3,Nate Hinton\hintona01,SG,2.0,0,0.4,0.1,0.2
1,Keljin Blevins\blevike01,SF,0.7,1,0.2,0.0,0.3
1,Tyler Cook\cookty01,PF,0.5,1,0.5,0.0,0.3
2,Mfiondu Kabengele\kabenmf01,PF,1.2,1,0.2,0.1,0.3
4,Norvel Pelle\pelleno01,C,3.0,1,1.0,0.0,0.0
6,Gary Payton II\paytoga02,PG,2.5,1,0.1,0.1,0.1
2,Adam Mokoka\mokokad01,SG,1.1,0,0.4,0.1,0.4
2,Cassius Stanley\stanlca01,SG,1.5,1,0.0,0.1,0.0
4,Grant Riller\rillegr01,PG,2.6,0,0.4,0.0,0.1
1,Vincent Poirier\poirivi01,C,0.8,1,0.2,0.3,0.4
4,Quinn Cook\cookqu01,PG,2.1,0,0.3,0.1,0.2
2,Tyler Bey\beyty01,SF,1.0,1,0.2,0.1,0.2
0,Terrance Ferguson\fergute01,SG,0.2,0,0.2,0.0,0.3
2,Udoka Azubuike\azubuud01,C,1.1,1,0.0,0.3,0.2
2,Malik Fitts\fittsma01,PF,1.0,1,0.0,0.0,0.0
2,Nate Darling\darlina01,SG,1.3,0,0.1,0.1,0.1
1,Kostas Antetokounmpo\antetko01,PF,0.8,1,0.1,0.3,0.7
3,Elijah Hughes\hugheel01,SF,1.7,0,0.3,0.1,0.3
3,Robert Woodard\woodaro01,SF,1.5,1,0.2,0.2,0.1
1,Nick Richards\richani01,PF,0.8,1,0.1,0.0,0.2
2,Shaquille Harrison\harrish01,SG,1.0,1,0.5,0.0,0.3
2,Rodions Kurucs\kurucro01,PF,0.6,1,0.4,0.0,0.0
2,Ty-Shon Alexander\alexaty01,SG,0.6,1,0.4,0.1,0.2
-1,Greg Whittington\whittgr01,PF,0.0,0,0.0,0.0,0.0
-3,Will Magnay\magnawi01,C,0.0,0,0.0,0.0,1.0
2,Jalen Lecque\lecquja01,PG,1.3,1,0.5,0.0,0.0
7,Udonis Haslem\hasleud01,C,4.0,1,0.0,0.0,0.0
-1,Noah Vonleh\vonleno01,PF,0.0,0,0.3,0.0,0.5
0,Jaylen Adams\adamsja01,PG,0.3,0,0.3,0.0,0.0
1,Brian Bowen\bowenbr02,SF,0.5,0,0.0,0.0,0.0
1,Chris Silva\silvach01,PF,0.5,0,0.0,0.3,0.3
1,Cameron Reynolds\reynoca01,SF,0.7,0,0.0,0.0,0.0
0,Theo Pinson\pinsoth01,SG,0.1,0,0.1,0.0,0.1
0,Jared Harper\harpeja01,PG,0.4,0,0.1,0.0,0.4
-1,Ashton Hagans\haganas01,PG,0.0,0,0.0,0.0,0.5
0,Gary Clark\clarkga01,SF,0.0,0,0.0,0.0,0.0
1,Ignas Brazdeikis\brazdig01,SF,0.5,1,0.3,0.0,0.3
